Adani Ports and special Economic zone ,Adani Ports,#adaniports,,,11/10/2018 7:20
Asian Paints ,Asian Paints,#asian paints,,,11/10/2018 20:25
Axis bank,Axis bank stock,axis bank trade,#axisbank,,11/19/2018 9:41
Baja Auto,bajaj auto ,#bajajauto,,,11/11/2018 14:50
Bharti Airtel,,,,,11/19/2018 10:58
Coal India,coal india,#coalindia,,,11/14/2018 0:00
HDFC Bank,hdfc bank stock,hdfc bank trade,#hdfc_bank,#hdfcbank,11/17/2018 17:30
Hero Motocorp,hero moto stock,hero moto trade,,,11/15/2018 10:51
Hindustan Unilever,HUL stock,Hindustan Unilever,,,11/18/2018 12:38
Housing Development Finance corporation,hdfc,,,,11/20/2018 9:29
ICICI bank,ICICI BANK,ICICI BANK STOCK,#ICICI BANK,,11/10/2018 12:10
IndusInd Bank,IndusInd bank,#IndusindBank,#Indusindbank,,11/19/2018 11:02
